{
  "hash": "8b6e4525",
  "configHash": "960a263f",
  "lockfileHash": "89d25d44",
  "browserHash": "f3cf0ccb",
  "optimized": {
    "@angular/common": {
      "src": "../../../../../../node_modules/@angular/common/fesm2022/common.mjs",
      "file": "@angular_common.js",
      "fileHash": "3f3ad8a1",
      "needsInterop": false
    },
    "@angular/common/http": {
      "src": "../../../../../../node_modules/@angular/common/fesm2022/http.mjs",
      "file": "@angular_common_http.js",
      "fileHash": "5395729f",
      "needsInterop": false
    },
    "@angular/core": {
      "src": "../../../../../../node_modules/@angular/core/fesm2022/core.mjs",
      "file": "@angular_core.js",
      "fileHash": "3b728a59",
      "needsInterop": false
    },
    "@angular/forms": {
      "src": "../../../../../../node_modules/@angular/forms/fesm2022/forms.mjs",
      "file": "@angular_forms.js",
      "fileHash": "c25c45fa",
      "needsInterop": false
    },
    "@angular/platform-browser": {
      "src": "../../../../../../node_modules/@angular/platform-browser/fesm2022/platform-browser.mjs",
      "file": "@angular_platform-browser.js",
      "fileHash": "5d0bacba",
      "needsInterop": false
    },
    "@angular/router": {
      "src": "../../../../../../node_modules/@angular/router/fesm2022/router.mjs",
      "file": "@angular_router.js",
      "fileHash": "1c12edfa",
      "needsInterop": false
    },
    "zone.js": {
      "src": "../../../../../../node_modules/zone.js/fesm2015/zone.js",
      "file": "zone__js.js",
      "fileHash": "5b0ddff4",
      "needsInterop": true
    }
  },
  "chunks": {
    "chunk-Q5T4DPLN": {
      "file": "chunk-Q5T4DPLN.js"
    },
    "chunk-QP2XPV74": {
      "file": "chunk-QP2XPV74.js"
    },
    "chunk-S5VXA64Q": {
      "file": "chunk-S5VXA64Q.js"
    },
    "chunk-CYIUJTKM": {
      "file": "chunk-CYIUJTKM.js"
    },
    "chunk-MIMBV3VA": {
      "file": "chunk-MIMBV3VA.js"
    },
    "chunk-WDMUDEB6": {
      "file": "chunk-WDMUDEB6.js"
    }
  }
}